{
  "drinks": {
    "precision": 1.0,
    "recall": 1.0,
    "f1-score": 1.0,
    "support": 18,
    "confused_with": {}
  },
  "food_num": {
    "precision": 1.0,
    "recall": 0.95,
    "f1-score": 0.9743589743589743,
    "support": 20,
    "confused_with": {
      "remove_num": 1
    }
  },
  "remove": {
    "precision": 1.0,
    "recall": 1.0,
    "f1-score": 1.0,
    "support": 16,
    "confused_with": {}
  },
  "food": {
    "precision": 1.0,
    "recall": 1.0,
    "f1-score": 1.0,
    "support": 32,
    "confused_with": {}
  },
  "ID": {
    "precision": 1.0,
    "recall": 1.0,
    "f1-score": 1.0,
    "support": 1,
    "confused_with": {}
  },
  "change_num": {
    "precision": 0.9285714285714286,
    "recall": 1.0,
    "f1-score": 0.962962962962963,
    "support": 13,
    "confused_with": {}
  },
  "drinks_num": {
    "precision": 0.9230769230769231,
    "recall": 1.0,
    "f1-score": 0.9600000000000001,
    "support": 12,
    "confused_with": {}
  },
  "change": {
    "precision": 1.0,
    "recall": 1.0,
    "f1-score": 1.0,
    "support": 14,
    "confused_with": {}
  },
  "remove_num": {
    "precision": 0.9090909090909091,
    "recall": 0.9090909090909091,
    "f1-score": 0.9090909090909091,
    "support": 11,
    "confused_with": {
      "change_num": 1
    }
  },
  "add_num": {
    "precision": 1.0,
    "recall": 0.8333333333333334,
    "f1-score": 0.9090909090909091,
    "support": 6,
    "confused_with": {
      "drinks_num": 1
    }
  },
  "add": {
    "precision": 1.0,
    "recall": 1.0,
    "f1-score": 1.0,
    "support": 8,
    "confused_with": {}
  },
  "micro avg": {
    "precision": 0.9801324503311258,
    "recall": 0.9801324503311258,
    "f1-score": 0.9801324503311258,
    "support": 151
  },
  "macro avg": {
    "precision": 0.9782490237035691,
    "recall": 0.972038567493113,
    "f1-score": 0.9741367050457957,
    "support": 151
  },
  "weighted avg": {
    "precision": 0.9811149115784877,
    "recall": 0.9801324503311258,
    "f1-score": 0.9800016123194932,
    "support": 151
  }
}